IdBibliografia,Autore,Titolo,Edizione,Anno,Note
1,,"Pubblicazioni del senato della repubblica Vol. II","Roma","1913",
2,"Roberto CESSI","Le deliberazioni del Maggior Consiglio","Zanichelli, Bologna","1950",
3,"Gino SCARAMELLA","Il tumulto dei Ciompi","Zanichelli, Bologna","1934",
4,"Niccolò RODOLICO","Marchionne di Coppo Stefani","Lapi, Città di Castello","1903",
5,"PIATTOLI","Consigli del Comune di Prato","Zanichelli, Bologna","1940",
6,"Ferruccio ZAGO","Consiglio dei dieci. Deliberazioni miste. Registri I-II (1310-1325), Registri III - IV (1325-1335),","Comitato per la pubblicazione delle fonti relative alla storia di Venezia,","1962",
7,"Bernardino  BARBADORO","Gli atti consigliari del Comune di Firenze fino alla metà del Trecento",,"1934",
8,"Bianchi","I documenti friulani",,"1870",
9,"G. FASOLI, P. SELLA","Gli Statuti di Bologna dell’anno 1288","Città del Vaticano, Biblioteca Apostolica Vaticana,","1937",
10,"Mazzatinti",,,,
