IdConservazione,Descrizione,Luogo,Citta,Tel,Fax,E-Mail,Direttore
"ACAUD","Archivio della Curia Arcivescovile di Udine","Seminario Arcivescovile Piazza Patriarcato","udine",,,,
"ACUD","Archivio capitolare di udine","Seminario arcivescovile","udine",,,,
"ASTS","Archivio di Stato di Trieste","Via La Marmora","trieste",,,,"Cova"
"ASUD","Archivio di Stato di Udine","via F. Urbanis, 1","33100 udine","0432477245","0432548263",,
"BAUD","Biblioteca Arcivescovile e Bartoliniana","Piazza Patriarcato, 1","33100 Udine",,,,
"BCTS","Biblioteca Civica ""A. Hortis""","Piazza Hortis","34100 Trieste",,,,
"BCUD","Biblioteca Civica ""V. Joppi""","Piazza Marconi, 8","33100 udine",,,,
"BGSD","Biblioteca Civica Guarneriana","via Roma, 9","San Daniele del Friuli (Udine)",,,,
"BSGO","Biblioteca del Seminario Teologico Centrale","Via Seminario, 7","Gorizia",,,,
"MANC","Biblioteca del Museo Archeologico Nazionale","Piazza del Duomo, 1","Cividale del Friuli (Udine)",,,,
