IdFondo,IdConservazione,Descrizione
"ApI","ACAUD","A parte Imperii"
"Archivio","BGSD","Archvio Storico del Comune di San Daniele"
"ArCom","MANC","Archivio storico del Comune di Cividale"
"Codici","BGSD","Fondo manoscritti"
"df","ASTS",
"Dist.UD","ASUD","Archivi notarili. Atti dei notai del distretto di Udine"
"Fontanini","BGSD","FONTANINI"
"Joppi","BCUD","Fondo Joppi"
"Moggio","ASUD","Corporazioni religiose. Moggio"
"Not. Ant.","ASUD","Fondo notarile antico"
"Ospedale","BGSD","Archivio dell'Ospedale"
"Paesi","ACAUD",
"Patriarcat","ASUD","Antichi regimi. Patriarcato di Aquileia"
"Pergamene","MANC","Pergamene capitolari"
"PergameneC","ACUD","Pergamene"
"Perusini","ASUD","Raccolte e Miscellanee. Perusini"
"Principale","BCUD","Fondo Principale"
"Savorgnano","ASUD","Archvivi di Famiglie e di Persone. Savorgnano"
"StraVil","BSGO","Archivio Strassoldo-Villanova"
"Torre","ASUD","Archivi di Famiglie e di Persone. Della Torre"
"TorValsa","ASUD","Archivi di Famiglie e di Persone. Della Torre di Valsassina"
"Visite","ACAUD",
