IdLavoro,Descrizione,Note
1,"Chirurgo",
2,"Sarto",
3,"Oste",
4,"Scaricatore",
5,"Cappellaio",
6,"Pellicciaio",
7,"Notaio",
8,"Macellaio",
9,"Cuoiaio",
10,"Fabbro",
11,"Beccaio",
12,"Tessitore",
13,"Stacionarius",
14,"Banditore",
15,"Oler",
16,"Speziario",
17,"Precone",
18,"pescatore",
19,"orefice",
20,"decano capitolare",
21,"abate",
22,"pievano",
23,"decano/meriga",
24,"priore di convento",
25,"frate francescano",
26,"frate domenicano",
27,"canonico",
28,"altarista",
29,"cappellano",
30,"officiale di curia",
31,"scriba di curia",
32,"servo",
33,"servo di masnada",
34,"vescovo",
35,"patriarca",
36,"calzolaio",
37,"tintore",
38,"mangano",
39,"carpentiere",
40,"serraturario",
41,"nunzio papale",
42,"collettore papale",
