IdLuogo,ToponimoDocumento,CircoscrizionePrimaria,CircoscrizioneSecondaria,Ubicazione,Tipologia,IdPersona,Specificazione,ToponimoAttuale,PrvinciaAttuale,IdUbicazioneP,IdUbicazioneE,LuogoDocumento
32,"Sancto Daniele",,,,"domus habitationis",0,,,,0,0,
33,"Sancto Daniele",,,,,0,,"San Daniele del Friuli","UD",0,0,
34,"Sancto Daniele",,,,"lobiae communis",0,,,,0,0,
35,"Sancto Daniele",,,,"stationis",1,,,,0,1,
36,"Sancto Daniele",,,,"sub portucubus domus Musesse",232,,,,0,2,
37,"Sancto Daniele",,,,"penes macelum",0,,,,0,1,
38,"Sancto Daniele",,,,"penes stacionem Vidoni sartoris de Sancto Daniele",237,,,,0,1,
39,"Sancto Daniele",,,,"super platea communis",0,,,,0,1,
40,"Sancto Daniele",,,"sub platea","apud cimiterium ecclesie Sancti Michael",0,,,,0,1,
41,"Sancto Daniele",,,,"domus habitationis Vidoni sartoris q. Iacobi",237,,,,0,1,
42,"SANCTO DANIELE",,,,"domus habitationis Miculote dicte Musesse",232,,,,0,0,
43,"SANCTO DANIELE",,,,"curiae domus quondam ser Nicoluscii de Meduno",324,,,,0,1,
44,"SANCTO DANIELE",,,"via publica","penes portam domus Antonii Ticiani",240,,,,0,1,
45,"Sancto Daniele",,,,"penes Seglum",241,,,,0,1,
46,"Sancto Daniele",,,,"penes canipam Iacobi Dominici de Sancto Daniele",242,,,,0,0,
47,"Sancto Daniele",,,,"penes murum castelanum",0,,,,0,0,
48,"Sancto Daniele",,,,"domus habitationis Georgii notarii",277,,,,0,0,
49,"Trichano superiori",,,,"domus habitationis ser Tini",245,,,,0,1,
50,"Sancto Daniele",,,,"canipae Artici quondam Ançuti",246,,,,0,1,
51,"Sancto Daniele",,,,"penes domum habitationis Antonii q. Nicolai Pisani",247,,,,0,1,
52,"Sancto Daniele",,,,"penes domum p[...] Danielis ulli",249,,,,0,0,
53,"Sancto Daniele",,,,"penes domum p[...] Danielis Çulli",249,,,,0,1,
54,"Sancto Daniele",,,,"penes domum habitationis Musesse",232,,,,0,1,
55,"Sancto Daniele",,,,"domus habitationis presbiteri Iohannis plebani",304,,,,0,1,
56,"Sancto Daniele",,,,"penes canipas fratrum Leonardi et Petri q. Cometi",252,,,,0,1,
57,"Sancto Daniele",,,,"curiae domus habitationis",251,,,,0,1,
58,"Trichano superiori",,,,"penes canipam Henrici q. Nicolai ser Ruperti",254,,,,0,1,
59,"Trichano superiori",,,,,0,,,,0,1,
60,"Sancto Daniele",,,,"campi",256,,,,0,1,
61,"Sancto Daniele",,,,"super macelum",0,,,,0,1,
62,"Sancto Daniele",,,,"super [...] ianuae communis",0,,,,0,1,
63,"Sancto Daniele",,,,"sub portucubus domus stacionis Danielis Lupi",259,,,,0,1,
64,"Sancto Daniele",,,,"penes domum habitationis Vidoni sartoris q. Iacobi",237,,,,0,1,
65,"Sancto Daniele",,,,"penes stacionem Iohannis sartoris q. Marquardi",261,,,,0,1,
66,"Sancto Daniele",,,"via publica","penes domum habitationis mag. Laurencii speciarii",262,,,,0,1,
67,"Sancto Daniele",,,,"penes domum habitationis Iohannis pelliparii",263,,,,0,1,
68,"Sancto Daniele",,,,"penes domum habitationis Augustini preconis",264,,,,0,1,
69,"Sancto Daniele",,,"super foro",,0,,,,0,1,
70,"Sancto Daniele",,,,"penes canipam q. Iohannis Nicolai",266,,,,0,1,
71,"Sancto Daniele",,,,"canipae Cumucii Iohannis Marculini",267,,,,0,1,
72,"Sancto Daniele",,,,"penes domum habitationis Artici q. Anzuti",268,,,,0,1,
73,"Trichano inferiori",,,,"canipae Henrici q. Nicolai de Trichano inferiori",269,,,,0,1,
74,"Sancto Daniele",,,,"penes [...] Danielis Lirussii de Sancto Daniele",270,,,,0,1,
75,"Sancto Daniele",,,,"penes stacionem [...]di",0,,,,0,1,
76,"Sancto Daniele",,,,"sub portucubus domus Miniuti q. Dotti",272,,,,0,1,
77,"Sancto Daniele",,,,"domus habitationis Iohannis cerdonis q. Iacobi",273,,,,0,1,
78,"Sancto Daniele",,,,"canipae Blasuti de Mure",274,,,,0,1,
79,"Sancto Daniele",,,,"penes canipam Conradi piscatoris",275,,,,0,1,
80,"Sancto Daniele",,,,"ante canipam Francisci et Iohannis de Farla",276,,,,0,1,
81,"Sancto Daniele",,,,"canipae",277,,,,0,1,"canipae Georgii notarii ab affictu a Galvano"
82,"Sancto Daniele",,,,"domus habitationis Francisci aurificis",278,,,,0,1,
83,"Sancto Daniele",,,,"penes canipam Danielis Lirussii",270,,,,0,1,
84,"Trichano superiori",,,,"penes ecclesiam Sanctae Mariae",0,,,,0,1,
85,"Sancto Daniele",,,,"super peciam terrae venditam",0,,,,0,1,
86,"Sancto Daniele",,,,"penes canipam Tibaldi q. ser Nicolai de Susano",282,,,,0,1,
87,"Sancto Daniele",,,,"canipae Subete q. Fidelis",283,,,,0,1,
88,"Sancto Daniele",,,,"penes domum habitationis Cicuti hospitis",291,,,,0,1,
89,"Sancto Daniele",,,,"penes domum habitationis q. Miculissi Cometti",285,,,,0,1,
90,"Sancto Daniele",,,,"canipae Petri Turbe q. Nicolai Marchoni",286,,,,0,1,
91,"Sancto Daniele",,,"super platea",,0,,,,0,1,
92,"Sancto Daniele",,,,"canipae venditae",0,,,,0,1,
93,"Sancto Daniele",,,,"canipae Morasse q. Miculi fistulatoris",289,,,,0,1,
94,"Sancto Daniele",,,,"sub portucubus domus Cicuti de Sancto Toma",290,,,,0,1,
95,"Sancto Daniele",,,,"penes domum Cicuti hospitis de Sancto Daniele",291,,,,0,1,
96,"Sancto Daniele",,,,"penes domum Odorici q. Cumucini de Sancto Vito",292,,,,0,1,
97,"Trichano superiori",,,,,0,,,,0,1,
98,"Sancto Daniele",,,,"sub portucubus domus Francisci aurificis",278,,,,0,1,
99,"Sancto Daniele",,,,"penes domum Iohannis Petri Canis",295,,,,0,1,
100,"Sancto Daniele",,,"via publica","ante domum habitationis Vidoni sartoris q. Iacobi",237,,,,0,1,
101,"Sancto Daniele",,,,"campi q. Petri Signoreli in staòlis",256,,,,0,1,
102,"Sancto Daniele",,,"sub rovulo","penes domum Tibaldi q. Nicolai de Susano",282,,,,0,1,
103,"Sancto Daniele",,,,"domus habitationis Danielae q. Vidalis",299,,,,0,1,
104,"Sancto Daniele",,,,"penes domum habitationis Odorici Danielle",300,,,,0,1,
105,"Sancto Daniele",,,,"ecclesiae Sancti Michaelis",0,,,,0,1,
106,"Sancto Daniele",,,"castro","domus habitationis Nicolai q. ser Artici",302,,,,0,1,
107,"Sancto Daniele",,,,"domus habitationis d. Clare q. Franciscuti",303,,,,0,1,
108,"Sancto Daniele",,,,"super lindam domus Iohannis plebani Sancti Danieli",304,,,,0,1,
109,"Sancto Daniele",,,,"penes domum habitationis Clare q. Franciscuti",303,,,,0,1,
110,"Sancto Daniele",,,,"stacionis Vidoni sartoris q. Iacobi",237,,,,0,1,
111,"Sancto Daniele",,,,"penes domum habitationis Odorici q. Cumucii",292,,,,0,1,
112,"Sancto Daniele",,,,"sub portucubus domus Iohannis Petri Canis",295,,,,0,1,
113,"Sancto Daniele",,,,"domus habitationis ser Guarnerii q. ser Tomasuti",325,,,,0,1,
114,"Sancto Daniele",,,,"penes domum Armani theotonici sartoris",310,,,,0,1,
115,"Sancto Daniele",,,,"canipae Georgii notarii ab affictu a Galvano",277,,,,0,1,
116,"Sancto Daniele",,,,"curiae domus habitationis Clare q. Franciscuti",303,,,,0,1,
117,"Sancto Daniele",,,,"canipae domus presbiteri Iohannis plebani",304,,,,0,1,
118,"Sancto Daniele",,,,"penes cemeterium ecclesiae S. Michaelis",0,,,,0,1,
119,"Sancto Daniele",,,,"penes domum habitationis Tibaldi hospitis",315,,,,0,1,
120,"Sancto Daniele",,,,"penes canipam Danielis q. Lirussii",270,,,,0,1,
121,"Sancto Daniele",,,,"penes domum habitationis Petri Nicolai",317,,,,0,1,
122,"Sancto Daniele",,,,"penes domum habitationis Francisci aurificis",278,,,,0,1,
123,"Sancto Daniele",,,,"domus habitationis presbiteri Iohannis plebani",304,,,,0,0,
124,"Sancto Daniele",,,,"canipae domus Odorici de Sancto Vito",292,,,,0,1,
125,"Sancto Daniele",,,,"penes fabricam Dominici fabris q. Vendoy",321,,,,0,1,
126,"Sancto Daniele",,,,"domus habitationis Moresse",322,,,,0,1,
127,"Sancto Daniele",,,,"domus habitationis Morasse filie ser Flechi",322,,,,0,1,
128,"Sancto Daniele",,,,"stationis Francisci aurificis",278,,,,0,1,
129,"Sancto Daniele",,,,"sub portucubus domus",,,,,0,0,
130,"Sancto Daniele",,,,"penes stationem Francisci aurificis",278,,,,0,1,
131,"Sancto Daniele",,,,"sub portucubus domus habitationis",0,,,,0,0,
132,"Sancto Daniele",,,,"sub portucubus domus habitationis Danielis Lupi",259,,,,0,1,
133,"Sancto Daniele",,,,"curiae domus habitationis Iohannis plebani",304,,,,0,1,
134,"Sancto Daniele",,,"super fosatum","penes portam versus Speninbergo",0,,,,0,1,
135,"Sancto Daniele",,,,"canipae ser Bertuli q. ser Çanuti",326,,,,0,1,
136,"Trichano superiori",,,,"domus habitationis d. Henrici q. ser Iacobi",327,,,,0,1,
137,"Sancto Daniele",,,,"canipae magnae dominorum de Sancto Daniele",328,,,,0,1,
138,"Sancto Daniele",,,"via publica","penes domum q. Venuti Çamparii",329,,,,0,1,
139,"Sancto Daniele",,,,"canipae magnae q. ser Bertuli militis",330,,,,0,1,
140,"Sancto Daniele",,,,"domus habitationis Gnisute q. ser Babixi",331,,,,0,1,
141,"Sancto Daniele",,,,"canipae Danielis q. Iacobi Indriuli",332,,,,0,1,
142,"Sancto Daniele",,,,"penes domum ser Bertuli militis",330,,,,0,1,
143,"Trichano inferiori",,,"sub tileo","penes ecclesiam Sancti Georgii",0,,,,0,1,
144,"Sancto Daniele",,,"penes forum",,0,,,,0,1,
145,"Sancto Daniele",,,,"p[...] Artici q. Ançuti",268,,,,0,1,
146,"Trichano superiori",,,,"ecclesiae Sanctae Mariae",0,,,,0,1,
147,"Sancto Daniele",,,"super foro","penes [...] ser Galvani",333,,,,0,1,
148,"Sancto Daniele",,,,"penes domum habitationis Georgii notarii",277,,,,0,1,
149,"Sancto Daniele",,,,"penes domum habitationis",0,,,,0,1,
150,"Sancto Daniele",,,,"super [...] domus habitationis d. Galliane",334,,,,0,1,
151,"Sancto Daniele",,,,"domus habitationis d. Galliane",334,,,,0,1,
152,"Sancto Daniele",,,,"canipae",0,,,,0,1,
153,"Sancto Daniele",,,,"penes lobiam communis",0,,,,0,1,
154,"Sancto Daniele",,,,"[penes] domum habitationis Petri Filipussii",335,,,,0,1,
155,"Sancto Daniele",,,,"domus habitationis ser Bertuli olim ser Çunuti",326,,,,0,1,
156,"Sancto Daniele",,,,"stacionis [...] Mulitini",336,,,,0,1,
157,"Sancto Daniele",,,,"canipae Iohannis q. Pupi",337,,,,0,1,
158,"Sancto Daniele",,,,"domus habitationis d. Çuliani olim ser Tocii",338,,,,0,1,
159,"Sancto Daniele",,,,"fabricae magistri Dominici fabri q. Vendoy",321,,,,0,1,
160,"Sancto Daniele",,,,"curiae domus habitationis Georgii notarii",277,,,,0,1,
161,"Sancto Daniele",,,,"ante domum Danielis Lirussii pelliparii",270,,,,0,1,
162,"Sancto Daniele",,,,"ante canipam heredum Iohannis Nicolay",266,,,,0,1,
163,"Sancto Daniele",,,,"ante domum Petri Turbe de Sancto Daniele",286,,,,0,1,
164,"Sancto Daniele",,,,"sub portucubus domus Miniuti q. Drici sartoris",342,,,,0,1,
165,"Sancto Daniele",,,,"sub linda domus presbiteri Iohannis",304,,,,0,1,
166,"Sancto Daniele",,,,"ante domum ser Guarnerii q. Tomasuti",325,,,,0,1,
167,"Sancto Daniele",,,,"ante canipam Petri q. Nicolay",286,,,,0,1,
168,"Sancto Daniele",,,,"ante domum habitationis Musesse relicte Mussii",343,,,,0,1,
169,"Sancto Daniele",,,"via publica","penes domum habitationis Fante de Sancto Daniele",344,,,,0,1,
170,"Sancto Daniele",,,,"sub portucubus domus habitationis Artici q. Ançuti",246,,,,0,1,
171,"Utino",,,"super plathea",,0,,,,0,1,
172,"Sancto Daniele",,,,"domus habitationis ser Glemoni q. ser Fante",345,,,,0,1,
173,"Goricia",,,,"camerae domus habitationis",346,,,,0,3,"camerae domus habitationis d. Francisci"
174,"Sancto Daniele",,,,"curiae domus habitationis Nicolay q. Alexii",347,,,,0,1,
175,"Sancto Daniele",,,,"canipae domus habitationis Danielis de Rodeglano",348,,,,0,1,
176,"Sancto Daniele",,,,"ante canipam magnam heredum q. nobillis Birtuli",326,,,,0,1,
177,"Sancto Daniele",,,,"penes domum habitationis heredum q. Danielis Lupi",259,,,,0,1,
178,"Utino",,,,"camerae domus habitationis d. Nicolussii Orbitti",350,,,,0,1,
179,"Avinione",,,,"palatii causarum apostolici",0,,,,0,,
180,"Utino",,,,"refectorii conventus Fratrum Predicatorum",0,,,,0,1,
181,"Utino",,,"porta Cussignaci","domus habitationis d. Indriolle q. Petri de Glemon",351,,,,0,1,
182,"Atemps",,,,"domus communis",0,,,,0,1,
183,"Goricia",,,"sub baolis",,0,,,,0,3,
184,"Avinione",,,,"palatii apostolici",0,,,,0,0,
185,"Utino",,,,"apud altare maius maioris ecclesiae Sanctae Mariae",0,,,,0,1,
186,"Utino",,"burgo Graçano","via publica","ante domum habitationis Stephani fabri",352,,,,0,1,
187,"CIVITATEAUSTRIA",,,,"domus habitationis Ottoboni decani capituli",353,,,,0,1,
188,"Utino",,,,"broli domus habitationis Gaudioli notarii",354,,,,0,1,
190,"Utino",,,,"capellae Sancti Petri in Sancta Maria maiore",0,,,,0,1,
191,"Utino","burgo Greçano",,,"curtivi domus heredum d. Philipi Albergetti not.",355,,,,0,1,
192,"Utino",,,,"lobiae magnae communis",0,,,,0,1,
193,"Utino","burgo superiori",,,"curiae domus habitationis Misserne q. Ambrossi",356,,,,0,1,
194,"Roma",,,,"ecclesiae Sancti Petri",0,,,,0,0,
195,"Utino",,,,"cubiculi domus Bondi abbatis Mosacensis",357,,,,0,1,
196,"Utino",,,,"camerae inferioris domus Iohacini q. ser Francisci",358,,,,0,1,
197,"Utino",,,,"camerae inferioris domus p. Iosephi",359,,,,0,1,
198,"Utino",,,,"sacristiae ecclesiae Sanctae Mariae maioris",0,,,,0,1,
199,"Aquilegia",,,,"capituli cathedralis Sanctae Mariae maioris",,,,,0,3,
200,"Utino",,,,"domus habitationis d. Iacobi q. Ture",360,,,,0,1,
201,"Aquilegia",,,,"iuxta monasterium Sanctae Mariae",305,,,,0,3,
202,"Utino",,,,,0,,,,0,1,
203,"Aquilegia",,,,,0,,,,0,3,
204,"Utino","burgo superiori",,,"stacionis domus habitationis Chandidi cerdonis",361,,,,0,1,
205,"Utino","burgo Civitati",,,"domus habitationis p. Coradi q. Nicolai de Cremona",362,,,,0,1,
206,"Utino",,,,"canipae domus habitationis Iohanini q. Zuliani",363,,,,0,1,
207,"Utino","burgo Aquilegie intrinseco",,,"camerae domus habitationis d.Tomasa q. Tomasii",364,,,,0,1,
209,"Utino",,,,"capituli collegiatae Sanctae Mariae maioris",0,,,,0,1,
210,"Utino",,"apud ecclsiam maiorem Sanctae Mariae",,"domus habitationis d. Rolandini de Ravanis",365,,,,0,1,
211,"Utino",,,,"domus q. militis Frederici de Savorgnano",366,,,,0,1,
212,"Civitateaustria",,,,"domus habitationis d. Branchini episcopi et nuncii",367,,,,0,1,
213,"Glemona",,,,"stupae domus",368,,,,0,1,"stupae domus d. Marquardi de Randech"
214,"Lucena",,,,"castri",0,,,,0,0,
215,"Utino","burgo Greçano",,,"domus habitationis d. Benevenute q. Pauli",369,,,,0,1,
216,"Utino","Bertaldia",,,"domus habitationis Michilutti q. Gervasii",370,,,,0,1,
217,"Utino",,,,"ecclesiae Sanctae Luciae Heremitanorum",0,,,,0,1,
218,"Utino",,,,"super sala magne domus communis",0,,,,0,1,
219,"CIVITATEAUSTRIA",,,,"ante cancellariam patriarchali palatii",0,,,,0,1,
220,"Utino",,"parochia Sanctae Mariae",,"domus habitationis p. Petri plebani Canippe",371,,,,0,1,
221,"Aquilegia",,,,"stupae domus d. Antonii decani",372,,,,0,3,
222,"Utino","burgo superiori",,,"andronae [...] q. s. Çanni de dicto burgo",373,,,,0,1,
223,"Roma",,,,"apud Sanctum Petrum",0,,,,0,0,
224,"Utino",,,,"curiae exterioris castri patriarchalis",0,,,,0,1,
225,"Utino",,,,"ante hostium domus Andree de Monticulis",374,,,,0,1,
226,"Utino",,,"via publica","ante foveam communis",0,,,,0,1,
227,"Civitateaustria",,,,"domus habitationis",375,,,,0,1,"domus habitationis Luchini dela Turre"
228,"Messerano",,,,"castri",0,,,,0,0,
229,"Utino",,,,"capituli conventus Sancti Petri martiris",0,,,,0,1,
230,"Civitateaustria",,,,"domus novae communis",0,,,,0,1,
231,"Civitateaustria",,"ecclesia Sanctae Mariae de Curia","via publica","ante domus q. Hermani q. Leonardutii",376,,,,0,1,
232,"Sancto Daniele",,,,"ante canipam magnam",0,,,,0,0,
