IdPr,Nome,NomeRiscontrato,Normalizzato,Origine,IdL,Note
1,"Petrus Valutti","Petrus Valutti","Petrus",,,
16,"Martinus quondam Chuchulussi de Glemona","Martinus quondam Chuchulussi de Glemona","Martinus",,,
17,"Pedusius calliar","Pedusius calliar",,,9,
18,"Nicolus dictus Cherebin","Nicolus dictus Cherebin","Nicolaus",,,
19,"Candidus Canusiti","Candidus Canusiti","Candidus",,,
20,"Franciscus Pizoli","Franciscus Pizoli","Franciscus",,,
21,"Nicolaus Vale","Nicolaus Vale","Nicolaus",,,
22,"Guarnazo","Guarnazo",,,,
23,"Fenus ventoris","Fenus ventoris",,,,
24,"Iacobus de Cramis","Iacobus de Cramis","Iacobus",,,
25,"Guillelmus Ventoris","Guillelmus Ventoris","Gullielmus",,,
26,"Pincarinus","Pincarinus",,,,
27,"Leonardus Muntisani","Leonardus Muntisani","Leonardus",,,
28,"Nicolo frater Flumiani","Nicolo frater Flumiani","Nicolaus",,,
29,"Pratus","Pratus",,,,
30,"Venzislaus hospes condam Pheu de Glemona","Venzislaus hospes condam Pheu de Glemona","Venzislaus",,3,
31,"Vualterius hospes condam de Sancto Zemiano abitans Glemone","Vualterius hospes condam de Sancto Zemiano abitans Glemone","Vualterius",,,
32,"Candissius miseta condam Iacobi de Amaro abitans Glemone","Candissius miseta condam Iacobi de Amaro abitans Glemone",,,,
33,"Missius condam Maurissi de Masergis discargator abitans Glemone","Missius condam Maurissi de Masergis discargator abitans Glemone",,,4,
34,"Franciscus nominatus Pertoldus","Franciscus nominatus Pertoldus","Franciscus",,,
35,"Laurentius cirugicus magister","Laurentius cirugicus magister","Laurentius",,1,
36,"Nicolaus sartor magister","Nicolaus sartor magister","Nicolaus",,2,
37,"Leonardus condam Senis","Leonardus condam Senis","Leonardus",,,
38,"Bartolomeus de Mantua ser","Bartolomeus de Mantua ser","Bartlomeus","Lombardo",,
39,"Fantonus Pini","Fantonus Pini",,"Toscano",,
40,"Nicolaus nominatus Aprilis","Nicolaus nominatus Aprilis","Nicolaus",,,
41,"Petrus condam ser Iacucii Furtini","Petrus condam ser Iacucii Furtini","Petrus",,,
42,"Donatus Piviruti","Donatus Piviruti","Donatus",,,
43,"Iohannissius dictus Furzinus","Iohannissius dictus Furzinus",,,,
44,"Franciscus dictus Zinulinus","Franciscus dictus Zinulinus","Franciscus",,,
45,"Laurentius magister","Laurentius magister","Laurentius",,,
46,"Franciscus dictus Abbas (Abbati)","Franciscus dictus Abbas (Abbati)","Franciscus","Toscano",,
47,"Henricus dictus Vualzee","Henricus dictus Vualzee","Henricus",,,
48,"Pertoldus","Pertoldus",,,,
49,"Iacucius Muntisani","Iacucius Muntisani","Iacutius",,,
50,"Dominicus frater Pertoldi","Dominicus frater Pertoldi",,,,
51,"Saraphinus condam Danielis Saraphini","Saraphinus condam Danielis Saraphini",,,,
52,"Cristoforus  condam Macuissi Orseti","Cristoforus  condam Macuissi Orseti","Cristoforus",,,
53,"Marcutius Colleti","Marcutius Colleti",,,,
54,"Ianzilus capellarius","Ianzilus capellarius","Ianzilus",,5,
55,"Daniel Russiti","Daniel Russiti","Daniel",,,
56,"Fabianus pelliparius","Fabianus pelliparius",,,6,
57,"Dircutus Bruni","Dircutus Bruni",,,,
58,"Pirussinus","Pirussinus",,,,
59,"Turinus de Brugnis ser","Turinus de Brugnis ser",,"Lombardo",,
60,"Daniel condam Marculini Iusti","Daniel condam Marculini Iusti","Daniel",,,
61,"Thomas dela Villa","Thomas dela Villa",,"Toscani",,
62,"Daniel dictus Carbon faber","Daniel dictus Carbon faber","Daniel",,10,
63,"Henricus Rampulini notarius","Henricus Rampulini notarius","Henricus",,7,
64,"Iacobus Nicoli","Iacobus Nicoli","Iacobus",,,
65,"Matias sartor magister","Matias sartor magister",,,2,
66,"Stephanus de Amaro","Stephanus de Amaro","Stephanus",,,
67,"Daniel Colleti","Daniel Colleti","Daniel",,,
68,"Nicolaus nominatus Piute ser","Nicolaus nominatus Piute ser","Nicolaus",,,
69,"Gabriel Muntisani","Gabriel Muntisani","Gabriel",,,
70,"Daniel dictus Chuchissinus","Daniel dictus Chuchissinus","Daniel",,,
71,"Nicolaus macellator","Nicolaus macellator","Nicolaus",,8,
72,"Iacutius Zimpilini","Iacutius Zimpilini","Iacutius",,,
73,"Iacobus Brisuti","Iacobus Brisuti","Iacobus",,,
74,"Nicolaus Zicuti","Nicolaus Zicuti","Nicolaus",,,
75,"Andreas condam Dentoni","Andreas condam Dentoni",,,,
76,"Daniel dictus Trunchin","Daniel dictus Trunchin","Daniel",,,
77,"Beltrandus dela Villa ser","Beltrandus dela Villa ser",,"Toscano",,
78,"Zittus macellator","Zittus macellator",,,8,
79,"Stephanus Bleon","Stephanus Bleon","Stephanus",,,
80,"Antonius magistri Uliani","Antonius magistri Uliani","Antonius",,,
81,"Merulus","Merulus",,,,
82,"Zicutus Pichissini pelliparius","Zicutus Pichissini pelliparius",,,6,
83,"Franciscus Iseri","Franciscus Iseri","Franciscus",,,
84,"Daniel Ursute","Daniel Ursute","Daniel",,,
85,"Pedraco","Pedraco",,,,
86,"Nicolaus condam Dentoni","Nicolaus condam Dentoni","Nicolaus",,,
87,"Franciscus Bruni (Berne)","Franciscus Bruni (Berne)","Franciscus",,,
88,"Franciscus dictus Polam","Franciscus dictus Polam","Franciscus",,,
89,"Muluzinus","Muluzinus",,,,
90,"Daniel Bruni","Daniel Bruni","Daniel",,,
91,"Franciscus dictus Ros condam Nicolai dicti Ros","Franciscus dictus Ros condam Nicolai dicti Ros","Franciscus",,,
92,"Micael condam Vualterii","Micael condam Vualterii","Michael",,,
93,"Vualzee","Henricus dictus Vualzee",,,,
94,"Iacutius dictus Caiure de Artenea abitans Glemone","Iacutius dictus Caiure de Artenea abitans Glemone","Iacutius",,,
95,"Nicolaus condam Egidii","Nicolaus condam Egidii","Nicolaus",,,
96,"Franciscus dictus Russitus","Franciscus dictus Russitus","Franciscus",,,
97,"Iacutius dictus Chavrar becarius","Iacutius dictus Chavrar becarius","Iacutius",,11,
98,"Petrus Egidii","Petrus Egidii","Petrus",,,
99,"Simon dictus Venzonassius","Simon dictus Venzonassius","Simon",,,
100,"Antonius ser Leonardi","Antonius ser Leonardi","Antonius",,0,
101,"Blasius Sugini","Blasius Sugini","Blasius",,0,
102,"Leonardus discargator","Leonardus discargator","Leonardus",,4,
104,"Simon dictus Glemonassat","Simon dictus Glemonassat","Simon",,0,
105,"Iohannes dela Bachina","Iohannes dela Bachina","Iohannes",,0,
106,"Antonius  Ateglus becarius","Antonius  Ateglus becarius","Antonius",,11,
107,"Iacobus Frassini ser","Iacobus Frassini ser","Iacobus",,0,"diviene ser nel 1438"
108,"Leonardus Mutus","Leonardus Mutus","Leonardus",,0,
109,"Franciscus filius ser Dominici dela Villa","Franciscus filius ser Dominici dela Villa","Franciscus","Toscani",0,
110,"Zichinus Chuculi","Zichinus Chuculi",,,0,
111,"Philippus de Rodeglano","Philippus de Rodeglano",,,0,
112,"Cristoforus Furmintinus ser","Cristoforus Furmintinus ser","Cristoforus",,0,"diviene ser nel 1439"
113,"Nicolaus Constantii","Nicolaus Constantii","Nicolaus",,0,
114,"Flandanus notarius","Flandanus notarius",,,7,
115,"Nicolaus discargator condam Leonardi discargatoris","Nicolaus discargator condam Leonardi discargatoris","Nicolaus",,4,
116,"Iacobus Painanti","Iacobus Painanti","Iacobus",,0,
117,"Leonardus Chulini","Leonardus Chulini",,,0,
118,"Candidus Bleon","Candidus Bleon","Candidus",,0,
119,"Henricus Pichissini","Henricus Pichissini","Henricus",,0,
120,"Marcus Michisi","Marcus Michisi",,,0,
121,"Petrus Pignai","Petrus Pignai","Petrus",,0,
122,"Nicolaus Maurellus","Nicolaus Maurellus","Nicolaus",,0,
123,"Franciscus de Montegnaco ser (Francischinus)","Franciscus de Montegnaco ser (Francischinus)","Franciscus",,0,
124,"Nicolaus Orsetti","Nicolaus Orsetti","Nicolaus",,0,
126,"Antonius dictus Milissius","Antonius dictus Milissius","Antonius",,0,
127,"Ianzilinus ab Hospitalis","Ianzilinus ab Hospitalis","Ianzilus",,0,
129,"Leonardus Francischini ser","Leonardus Francischini ser","Leonardus","Toscano?",0,"diviene ser nel 1441"
130,"Simon del Put","Simon del Put","Simon",,0,
131,"Zenanus","Zenanus",,,0,
132,"Leonarducius de Pinzano","Leonarducius de Pinzano",,,0,
133,"Fazatus lagenarius","Fazatus lagenarius",,,0,
134,"Nicolussius","Nicolussius",,,0,
135,"Nicolaus Patussii","Nicolaus Patussii","Nicolaus",,0,
136,"Cristoforus Bratici","Cristoforus Bratici","Cristoforus",,0,
137,"Antonius Stua","Antonius Stua","Antonius",,0,
138,"Zaianus","Zaianus",,,0,
139,"Antonius stacionarius de Vendoio abitans Glemone","Antonius stecionarius de Vendoio abitans Glemone","Antonius",,13,
140,"Chagnassius","Chagnassius",,,0,
141,"Michael teotonicus hospes","Michael teotonicus hospes","Michael",,0,
142,"Iohannes Paulus condam Loisii","Iohannes Paulus de Altaneto condam Loisii","Iohannes",,0,
143,"Antonius Frassini ser","Antonius Frassini ser","Antonius",,0,"diviene ser nel 1432"
144,"Iacobus Coriani caliar","Iacobus Coriani caliar","Iacobus",,9,
145,"Henricus de Travesio","Henricus de Travesio","Henricus",,0,
147,"Blasius Dalnico","Blasius Dalnico","Blasius",,0,
148,"Nicolaus Bonifacii notairus","Nicolaus Bonifacii notairus","Nicolaus",,7,
149,"Martinus de Brugnis","Martinus de Brugnis","Martinus","Lombardo",0,
150,"Nicolaus Furizini","Nicolaus Furizini","Nicolaus",,0,
151,"Iacobus stezonarius","Iacobus stezonarius","Iacobus",,13,
152,"Daniel Abbas (Abbati)","Daniel Abbas (Abbati)","Daniel","Toscani",0,
153,"Nicolaus hospes","Nicolaus hospes","Nicolaus",,0,
154,"Gasperinus de Latisana","Gasperinus de Latisana","Gasperinus",,0,
155,"Dominicus textor","Dominicus textor",,,12,
156,"Iacobus Abbas (Abbati)","Iacobus Abbas (Abbati)","Iacobus","Toscani",0,
158,"Stephanus de Spegnimbergo","Stephanus de Spegnimbergo","Stephanus",,0,
159,"Simeon Patussii","Simeon Patussii","Simon",,0,
160,"Donatus preco","Donatus preco","Donatus",,14,
161,"Iohannes Dentoni","Iohannes Dentoni","Iohannes",,0,
162,"Leonardus textor de Carnea abitans Glemone","Leonardus textor de Carnea abitans Glemone","Leonardus",,12,
163,"Gasperinus Zangilg hospes ser","Gasperinus Zangilg hospes ser","Gasperinus",,0,
164,"Iohannes Rescane","Iohannes Rescane","Iohannes",,0,
165,"Daniel Stelle","Daniel Stelle","Daniel",,0,
166,"Petrus Lovisii","Petrus Lovisii","Petrus",,0,
167,"Antonius Massoti vel domine Lucie","Antonius Massoti vel domine Lucie","Antonius",,0,
168,"Nicolaus de Portogruario","Nicolaus de Portogruario","Nicolaus",,0,
169,"Petrus Zilii","Petrus Zilii",,,0,
170,"Nicolaus Testa","Nicolaus Testa","Nicolaus",,0,
171,"Iohannes Antonius de Cramis","Iohannes Antonius de Cramis","Iohannes",,0,
172,"Iacobus Codorossi ser","Iacobus Codorossi ser","Iacobus",,0,
173,"Daniel Andreas de Cramis","Daniel Andreas de Cramis","Daniel",,0,
174,"Daniel condam ser Bertandi ser","Daniel condam ser Bertandi ser","Daniel",,0,
175,"Michael Sabide Teotonicus","Michael Sabide Teotonicus","Michael",,0,
176,"Iohannes sartor claudus qui fuit de Fusea magister","Iohannes sartor claudus qui fuit de Fusea magister","Iohannes",,2,
177,"Daniel de Cramis notarius","Daniel de Cramis notarius","Daniel",,7,
178,"Laurentius teutonicus ser","Laurentius teutonicus ser","Laurentius",,0,"diviene ser nel 1437"
179,"Stephanus de Plovia","Stephanus de Plovia","Stephanus",,0,
180,"Iohannes Paulus de Altaneto","Iohannes Paulus de Altaneto condam Loisii","Iohannes",,0,
181,"Manianus cerdo","Manianus cerdo",,,9,
182,"Amadeus preco","Amadeus preco",,,14,
183,"Antonius Rampulini pellipparius magister","Antonius Rampulini pellipparius magister","Antonius",,6,
184,"Tomasinus notarius","Tomasinus notarius",,,7,"Nel 1445 è anche cancelliere"
185,"Antonius Carbonus","Antonius Carbonus","Antonius",,0,
186,"Vuolrich de Colonia","Vuolrich de Colonia",,,0,
187,"Ianzilus gener Leonardi dela pizola femina","Ianzilus gener Leonardi dela pizola femina","Ianzilus",,0,
188,"Antonius de Francischinis ser","Antonius de Francischinis ser","Antonius",,0,"diviene ser nel 1438"
189,"Gabriel de Goto","Gabriel de Goto","Gabriel",,0,
190,"Iohannes condam Nicolai del Tor","Iohannes condam Nicolai del Tor","Iohannes",,0,
191,"Leonardus Londero","Leonardus Londero","Leonardus",,0,
192,"Iacobus gener Nicolai Teotonici","Iacobus gener Nicolai Teotonici","Iacobus",,0,
193,"Petrus Musselli","Petrus Musselli","Petrus",,0,
194,"Iorius oler Teotonicus","Iorius oler Teotonicus",,,15,
195,"Antonius Ferandi","Antonius Ferandi","Antonius",,0,
196,"Iohannes Paulus ser","Iohannes Paulus de Altaneto condam Loisii","Iohannes",,0,
197,"Matiussius Colavassii","Matiussius Colavassii",,,0,
198,"Vinturinus Barbaerius","Vinturinus Barbaerius",,,0,
199,"Antonius Scorsagalina","Antonius Scorsagalina","Antonius",,0,
200,"Iohannes Massangutus","Iohannes Massangutus","Iohannes",,0,
201,"Iohannes Vigluzinus","Iohannes Vigluzinus","Iohannes",,0,
202,"Odoricus condam Leonardi de Vinaldia","Odoricus condam Leonardi de Vinaldia",,,0,
203,"Antonius Cagnassini","Antonius Cagnassini","Antonius",,0,
204,"Pontulus cerdo","Pontulus cerdo",,,9,
205,"Iursa","Iursa",,,0,
206,"Bartolomeus ser Antoni","Bartolomeus ser Antoni","Bartlomeus",,0,
207,"Nicolaus Fluminani","Nicolaus Fluminani","Nicolaus",,0,
208,"Georgius Cosule","Georgius Cosule","Georgius",,0,
209,"Nicolaus condam ser Petri Pignai ser","Nicolaus condam ser Petri Pignai ser","Nicolaus",,0,
210,"Iacobus Muntisani","Iacobus Muntisani","Iacobus",,0,
211,"Michael Cibie","Michael Cibie","Michael",,0,
212,"Georgius Chuchurelli","Georgius Chuchurelli","Georgius",,0,
213,"Iohannes Rampulini","Iohannes Rampulini","Iohannes",,0,
214,"Daniel sclavus","Daniel sclavus","Daniel",,0,
215,"Iohannes Codorossi ser","Iohannes Codorossi ser","Iohannes",,0,
216,"Antonius de Vinario hospes","Antonius de Vinario hospes","Antonius",,0,
217,"Iacobus Zangil ser","Iacobus Zangil ser","Iacobus",,0,
218,"Nicolaus de Montegnaco ser","Nicolaus de Montegnaco ser","Nicolaus",,0,
220,"Leonardus Gamberarius","Leonardus Gamberarius","Leonardus",,0,
221,"Bertolus condam Petri Egidii","Bertolus condam Petri Egidii",,,0,
222,"Petrus de Marchia preco comunis","Petrus de Marchia preco comunis","Petrus",,14,
223,"Nicolaus Abbas (Abbati) ser","Nicolaus Abbas (Abbati) ser","Nicolaus","Toscani",0,
224,"Georgius tabernarius","Georgius tabernarius","Georgius",,0,
225,"Hermannus filius ser Antonii de Vendoio ser","Hermannus filius ser Antonii de Vendoio ser",,,0,
226,"Daniel Mistucii","Daniel Mistucii","Daniel",,0,
227,"Iohannuttus pellipparius Rampulini","Iohannuttus pellipparius Rampulini",,,6,
