IdPr,Nome,NomeRiscontrato,Normalizzato,Detto,De,IdLavoro,IdQualifica,Origine,IdL,Note
232,"Miculota dicta Musesse","Musesse",,"Musesse",,,,,0,
237,"Vidonus sartor q. Iacobi de Sancto Daniele","Vidoni sartoris q. Iacobi",,,"Sancto Daniele",2,,,0,
238,"Miculote dicte Musesse","Miculote dicte Musesse",,"Musesse",,,,,0,
239,"quondam ser Nicoluscii de Meduno","quondam ser Nicoluscii de Meduno",,,,,1,,0,
240,"Antonius Ticiani","Antonii Ticiani",,,,,,,0,
241,"Seglus","Seglum",,,,,,,0,
242,"Iacobus Dominici de Sancto Daniele","Iacobi Dominici de Sancto Daniele",,,"Sancto Daniele",,,,0,
245,"Tinus","ser Tini",,,,,1,,0,
246,"Articus quondam Ançuti de Sancto Daniele","Artici quondam Ançuti",,,"Sancto Daniele",,,,0,
247,"Antonius q. Nicolai Pisani","Antonii q. Nicolai Pisani",,,,,,,0,
248,"Danielis Çulli Presbitero","Danielis ulli",,,,,2,,0,
249,"Danielis Çulli","Danielis Çulli",,,,,2,,0,
252,"Leonardus et Petrus q. Cometi","fratrum Leonardi et Petri q. Cometi",,,,,,,0,
254,"Henricus q. Nicolai ser Ruperti","Henrici q. Nicolai ser Ruperti",,,,,,,0,
256,"Petrus Signorelli","q. Petri Signorelli",,,,,,,0,
259,"Danielis Lupi","q. Danielis Lupi",,,,,,,0,
261,"Iohannes sartor q. Marquardi","Iohannis sartoris q. Marquardi",,,,2,,,0,
262,"Laurencius speciarius","mag. Laurencii speciarii",,,,16,3,,0,
263,"Iohannes pelliparius","Iohannis pelliparii",,,,6,,,0,
264,"Augustinus preco","Augustini preconis",,,,17,,,0,
266,"Iohannes Nicolai de Sancto Daniele","q. Iohannis Nicolai de Sancto Daniele",,,"Sancto Daniele",,,,0,
267,"Cumucius Iohannis Marculini","Cumucii Iohannis Marculini",,,,,,,0,
268,"Articus quondam Ançuti de Sancto Daniele","Artici q. Anzuti",,,,,,,0,
269,"Henricus q. Nicolai de Trichano inferiori","Henrici q. Nicolai de Trichano inferiori",,,"Trichano inferiori",,,,0,
270,"Danielis quondam Lirussii de Sancto Daniele","Danielis Lirussii de Sancto Daniele",,,"Sancto Daniele",6,,,0,
272,"Miniutus q. Dotti","Miniuti q. Dotti",,,,,,,0,
273,"Iohannes cerdo q. Iacobi","Iohannis cerdonis q. Iacobi",,,,9,,,0,
274,"Blasutus de Mure","Blasuti de Mure",,,,,,"Muris",0,
275,"Conradus piscator","Conradi piscatoris",,,,18,,,0,
276,"Franciscus et Iohannes de Farla","Francisci et Iohannis de Farla",,,"Farla",,,"Farla",0,
277,"Georgius notarius q. Francisci not. de Palucia","Georgii notarii ab affictu a Galvano",,,"Palucia",7,,,0,
278,"Franciscus aurifex","Francisci aurificis",,,,19,,,0,
279,"Danielis quondam Lirussii de Sancto Daniele","Danielis Lirussii",,,"Sancto Daniele",,,,0,
282,"Tibaldus q. ser Nicolai de Susano","Tibaldi q. ser Nicolai de Susano",,,"Susano",,,,0,
283,"Subeta q. Fidelis","Subete q. Fidelis",,,,,,,0,
285,"Miculissus Cometti","q. Miculissi Cometti",,,,,,,0,
286,"Petrus Turba q. Nicolai Marchoni","Petri Turbe q. Nicolai Marchoni",,,,,,,0,
289,"Morassa q. Miculi fistulatoris","Morasse q. Miculi fistulatoris",,,,,,,0,
290,"Cicutus de Sancto Toma","Cicuti de Sancto Toma",,,"Sancto Toma",,,,0,
291,"Cicutus hospes de Sancto Daniele","Cicuti hospitis de Sancto Daniele",,,"Sancto Daniele",3,,,0,
292,"Odoricus q. Cumucini de Sancto Vito","Odorici q. Cumucini de Sancto Vito",,,"Sacto Vito",,,,0,
295,"Iohannes Petri Canis","Iohannis Petri Canis",,,,,,,0,
297,"Petrus Signorelli","q. Petri Signoreli in staòlis",,,,,,,0,
298,"Tibaldus q. ser Nicolai de Susano","Tibaldi q. Nicolai de Susano",,,"Susano",,,,0,
299,"Danielae q. Vidalis","Danielae q. Vidalis",,,,,,,0,
300,"Odoricus Danielle","Odorici Danielle",,,,,,,0,
302,"Nicolaus q. ser Artici","Nicolai q. ser Artici",,,,,,,0,
303,"Clara q. Franciscuti","d. Clare q. Franciscuti",,,,,,,0,
304,"Iohannes plebanus Sancti Danielis","Iohannis plebani Sancti Danielis",,,"Sancto Daniele",20,2,,0,
305,"Clare q. Franciscuti","Clare q. Franciscuti",,,,,,,0,
307,"Odorici q. Cumucini de Sancto Vito","Odorici q. Cumucii",,,"Sacto Vito",,,,0,
308,"Iohannes Petri Canis","Iohannis Petri Canis",,,,,,,0,
309,"ser Guarnerii q. ser Tomasuti","ser Guarnerii q. ser Tomasuti",,,,,,,0,
310,"Armanus theotonicus sartor","Armani theotonici sartoris",,,,2,,,0,
315,"Tibaldus hospes","Tibaldi hospitis",,,,3,,,0,
316,"Danielis quondam Lirussii de Sancto Daniele","Danielis q. Lirussii",,,,,,,0,
317,"Petrus Nicolai","Petri Nicolai",,,,,,,0,
321,"Dominicus faber q. Vendoy de Murucio","Dominici fabri q. Vendoy de Murucio",,,,10,,,0,
322,"Morassa filia ser Flechi q. ser Anciloti de Sancto Daniele","Morasse",,,"Sancto Daniele",0,0,,0,
323,"Martinus Lupus","q. Martini Lupi",,,,0,0,,0,
324,"Nicoluscius de Meduno","ser Nicoluscii de Meduno",,,"Meduno",0,1,,0,
325,"Guarnerius q. ser Tomasuti","ser Guarnerii q. ser Tomasuti",,,,0,1,,0,
326,"Bertulus q. ser Çanuti de Sancto Daniele","ser Bertuli q. ser Çanuti",,,"Sancto Daniele",0,1,,0,
327,"Henricus q. ser Iacobi de Trichano superiori","Henricus q. ser Iacobi de Trichano superiori",,,"Trichano superiori",0,4,,0,
328,"Domini de Sancto Daniele","dominorum de Sancto Daniele",,,"Sancto Daniele",0,4,,0,
329,"Venutus Çamparii","q. Venuti Çamparii",,,,0,0,,0,
330,"Bertulus de Sancto Daniele","q. ser Bertuli militis de Sancto Daniele",,,"Sancto Daniele",0,4,,0,
331,"Gnisuta q. ser Babixi","Gnisute q. ser Babixi",,,,0,0,,0,
332,"Daniel q. Iacobi Indriuli","Daniel q. Iacobi Indriuli",,,"Sancto Daniele",0,0,,0,
333,"Galvanus","ser Galvani",,,,0,1,,0,
334,"Galliana relicta d. Nicolai Francisci de Sancto Daniele","honeste domine Galliane",,,,0,4,,0,
335,"Petrus Filipussii","Petri Filipussii",,,,0,0,,0,
336,"Mulitinus","Mulitini",,,,0,0,,0,
337,"Iohannes q. Pupi","Iohannis q. Pupi",,,,0,0,,0,
338,"Çulianus q. ser Tocii de Sancto Daniele","Çuliani olim ser Tocii de Sancto Daniele",,,"Sancto Daniele",0,4,,0,
339,"Fradocius q. Çassi de Sancto Daniele","Fradocius olim Çassi de Sancto Daniele",,,"Sancto Daniele",0,2,,0,
340,"Antonius q. Çassi de Sancto Daniele","Antonius q. Çassi de Sancto Daniele",,,"Sancto Daniele",0,0,,0,
341,"Christoforus q. Çassi de Sancto Daniele","Christoforus q. Çassi de Sancto Daniele",,,"Sancto Daniele",0,0,,0,
342,"Miniutus q. Drici de Sancto Daniele","Miniuti q. Drici sartoris de Sancto Daniele",,,"Sancto Daniele",0,0,,0,
343,"Musessa relicta q. Mussii de Sancto Daniele","Musesse relicte q. Mussii de Sancto Daniele",,,,0,0,,0,
344,"Fanta de Sancto Daniele","Fante de Sancto Daniele",,,"Sancto Daniele",0,0,,0,
345,"Glemonus q. ser Fante de Sancto Daniele","ser Glemoni q. ser Fante de Sancto Daniele",,,"Sancto Daniele",0,1,,0,
346,"Franciscus q. Simonis de Castellerio","Francisci q. Simonis de Castellerio",,,"Castellerio",0,4,,0,
347,"Nicolaus q. Alexii de Sancto Daniele","Nicolay olim Alexii de Sancto Daniele",,,"Sancto Daniele",0,0,,0,
348,"Danielis q. Petri de Rodeglano","Danielis q. Petri de Rodeglano",,,,0,0,,0,
350,"Nicolussius q. d. Frederici Orbitti de Utino","Nicolussius q. d. Frederici Orbitti de Utino",,,"Utino",0,4,,0,
351,"Indriolla q. Petri de Glemona rel. Mutti de Porta Cusignaci de Utino","Indriolla q. Petri de Glemona",,,"Glemona",0,0,,0,
352,"Stephanus faber q. mag. Blanchi fabri de Utino","Stephanus faber q. mag. Blanchi fabri de Utino",,,"Utino",10,0,,0,
353,"Ottobonus de Ceneta","Ottoboni de Ceneta",,,"Ceneta",20,,,0,
354,"Gaudiolus filius Iohannis de Sancto Vito","Gaudiolus filius Iohannis de Sancto Vito",,,"Sacto Vito",7,0,,0,
355,"Philipus Albergetti","Philipi Albergetti notarii",,,,7,4,,0,
356,"Misserna q. Ambrossi de Adegliacho","Misserna q. Ambrossi de Adegliacho",,,,0,0,,0,
357,"Bondi abbas Mosacensis","Bondi abbas Mosacensis",,,"Modio",21,0,,0,
358,"Iohacinus q. ser Francisci de Utino","Iohacinus q. ser Francisci de Utino",,,"Utino",0,0,,0,
359,"Ioseph plebanus ecclesiae Sancti Odorici de Agello","Iosepho plebano ecclesie Sancti Odorici de Agello",,,,,2,,0,
360,"Iacobus q. Ture de Civitateaustria","Iacobus q. Ture de Civitateaustria",,,"Cividale",27,4,,0,
361,"Candidus cerdo q. Fanti","Chandidi cerdonis q. Fanti",,,"Utino",36,0,,0,
362,"Coradus q. Nicolai de Cremona","Coradi q. Nicolai de Cremona",,,"Cremona",0,2,,0,
363,"Iohaninus q. Zuliani de Morteglano","Iohaninus q. Zuliani de Morteglano",,,"Morteglano",0,0,,0,
364,"Tomasa q. Tomasii de Utino","Tomasa q. Tomasii de Utino",,,"Utino",0,9,,0,
365,"Rolandinus de Ravanis de Regio","Rolandini de Ravanis de Regio",,,"Regio",0,4,,0,
366,"Fridericus q. Warnerii de Savorgnano","Friderici q. Warnerii de Savorgnano",,,,0,4,,0,
367,"Branchinus episcopus Pergamensis","Branchinus episcopus Pergamensis",,,,41,5,,0,
368,"Marquardus de Randech","Marquardus de Randech licentiatus in iure canonico",,,,22,11,,0,
369,"Benevenuta q. Pauli de Percoto","Benevenuta filia olim Pauli de Percoto",,,"Percoto",0,0,,0,
370,"Michiluttus q. Gervasii de Budrio","Michiluttus q. Gervasii de Budrio",,,"Budrio",0,0,,0,
371,"Petrus plebanus Canippe Utini","Petri plebani Canippe Utini",,,,22,2,,0,
372,"Antonius de Ronchonis","Antonius de Ronchonis",,,,20,2,,0,
373,"Çannus de burgo superiori de Utino","Çanni de burgo superiori de Utino",,,"Utino",0,1,,0,
374,"Andrea de Monticulis","Andree de Monticulis",,,"Verona",0,10,,0,
375,"Luchinus dela Turre","Luchinus dela Turre",,,,27,4,,0,
376,"Hermanus q. ser Leonardutii de Formentinis","Hermani q. ser Leonardutii de Formentinis",,,"Cividale",0,1,,0,
377,"Petrus quondam Antonii de Sedeglano","Petro",,,"Sedeglano",0,0,,0,
