IdTipoAtto,TipoAtto,Sottotipo,Descrizione,Form
3,"VENDITIO","Minoris cum fideiussore",,
4,"Venditio","Rerum cum aliquibus adiacentibus",,
5,"Venditio","Rei cum cessione iurium",,
6,"Venditio","Partis alicuius rei pro indiviso",,
7,"Venditio","Partis pro diviso",,
8,"Venditio","Rei cuius pars est propria",,
9,"Venditio",,,"fcCompraVendita"
10,"Testamentum",,,
11,"Locatio",,,"fCLocatio"
12,"Donatio",,,"fcDonatio"
13,"VENDITIO","Livelli",,
14,"Fideiussio",,,
15,"Divisio","Domus",,
16,"Permutatio",,,
17,"Debitum",,,"fCDebito"
18,"Affinitio",,,"fcApprendistato"
21,"Requisitio",,,
22,"Inventarium",,,
23,"Promissio",,,
24,"Soccida",,,
25,"DEPOSITO",,,
26,"PACTUM",,,
27,"TESTAMENTUM","Nuncupativum",,
28,"CODICILLUM",,,
29,"SENTENTIA",,,
30,"SENTENTIA","criminalis",,
31,"PROCURATORIUM",,,
32,"PROCURATORIUM","ad litem",,
33,"PROCURATORIUM","generale",,
34,"PROCURATORIUM","speciale",,
35,"SENTENTIA","civilis",,
36,"DIVISIO",,,
37,"Emptio",,,
39,"PACTUM","matrimoniale",,
40,"Tregua",,,
41,"finis et remissio",,,
42,"querela","criminalis",,
43,"QUERELA","civilis",,
44,"QUERELA",,,
45,"manumissio",,,
46,"productio testium",,,
47,"SENTENTIA","ad spangandum",,
48,"DEBITUM","cum pignore",,
49,"VENDITIO","iure livelli perpetualis",,
50,"LOCATIO","iure livelli perpetualis secundum consuetudinem Patriae Foriiulii",,
51,"LOCATIO","iure affictus simplicis",,
52,"praeconizatio",,,
53,"PRAECONIZATIO","criminalis",,
54,"PRAECONIZATIO","civilis",,
55,"LOCATIO","cum condutione operis",,
56,"VENDITIO","per procuram",,
57,"DEBITUM","cum fideiussore",,
58,"LOCATIO","livelli iure perpetualis",,
59,"DONATIO","inter vivos",,
60,"DONATIO","mortis causa",,
61,"SENTENTIA","ad pignorandum",,
62,"arbitratum",,,
63,"ARBITRATUM","ad divisionem bonorum",,
64,"ARBITRATUM","ad litem civilem solvendam",,
65,"ARBITRATUM","ad valorem rerum statuendum",,
66,"ARBITRATUM","ad negocii vertentiam solvendam",,
67,"Appellatio",,,
68,"PACTUM","dotale",,
69,"VENDITIO","iure feudi",,
70,"Relevatio","fideiussoris",,
71,"investitio","feudi",,
72,"testificatio","civilis",,
73,"TESTIFICATIO","criminalis",,
74,"Compromissium","ad arbitratum",,
75,"COMPROMISSIUM",,,
76,"Cautela",,,
77,"FINIS ET REMISSIO","dotis",,
78,"PROCESSUS ET SENTENTIA","canonici",,
79,"VENDITIO","iure proprii et iure feudi",,
80,"Mandatum","papae",,
81,"SENTENTIA","interlocutoria canonica",,
82,"TRANSLATIO BONI","e compromisso",,
83,"RELATIO PRECONIS","de spangatura",,
84,"Littera papale","executoria",,
85,"Littera patriarchalis","patentis",,
86,"COLLATIO BENEFICIALIS",,,
87,"DOTATIO ALTARIS",,,
88,"DOTATIO ALTARIS","cum iuspatronato",,
89,"PACTUM","dotationis altaris",,
90,"VENDITIO","census et livelli perpetualis",,
91,"DECLARATIO","coram notario",,
92,"SENTENTIA","absolutionis",,
93,"SENTENTIA","excommunicationis",,
94,"LITTERA PAPALE","patentis",,
95,"RATIFICATIO",,,
96,"FINIS ET REMISSIO","administrationis pupillaris",,
97,"Littera","patentis",,
98,"LITTERA","notificatoria",,
99,"LITTERA PAPALE","de gratia",,
100,,,,
101,"TRANSLATIO BONI","ad debiti finem et remissionem",,
102,"immissio tenutae",,,
103,"SENTENTIA","immissionis in tenutam",,
104,"memoriale","obituario",,
105,"DEBITUM","morgingabii et descensuris",,
106,"incompiuto",,,
107,"EMPTIO","cum manutentore",,
