IdLuogo,ToponimoDocumento,CircoscrizionePrimaria,CircoscrizioneSecondaria,Ubicazione,Tipologia,Persona,IdPersona,Specificazione,ToponimoAttuale,PrvinciaAttuale,IdUbicazioneP,IdUbicazioneE
32,"Sancto Daniele",,,,"domus habitationis",,0,,,,0,0
33,"Sancto Daniele",,,,,,0,,"San Daniele del Friuli","UD",0,0
34,"Sancto Daniele",,,,"lobiae communis",,0,,,,0,0
35,"Sancto Daniele",,,,"stationis",,1,,,,0,1
36,"Sancto Daniele",,,,"sub portucubus domus","Musesse",0,,,,0,2
37,"Sancto Daniele",,,,"penes macelum",,0,,,,0,1
38,"Sancto Daniele",,,,"penes stacionem","Vidoni sartoris de Sancto Daniele",0,,,,0,1
39,"Sancto Daniele",,,,"super platea communis",,0,,,,0,1
40,"Sancto Daniele",,,"sub platea","apud cimiterium ecclesie Sancti Michael",,0,,,,0,1
41,"Sancto Daniele",,,,"domus habitationis","Vidoni sartoris q. Iacobi",0,,,,0,1
42,"SANCTO DANIELE",,,,"domus habitationis","Miculote dicte Musesse",,,,,0,0
43,"SANCTO DANIELE",,,,"curiae domus","quondam ser Nicoluscii de Meduno",0,,,,0,1
44,"SANCTO DANIELE",,,"via publica","penes portam domus","Antonii Ticiani",0,,,,0,1
45,"Sancto Daniele",,,,"penes","Seglum",0,,,,0,1
46,"Sancto Daniele",,,,"penes canipam","Iacobi Dominici de Sancto Daniele",0,,,,0,0
47,"Sancto Daniele",,,,"penes murum castelanum",,0,,,,0,0
48,"Sancto Daniele",,,,"domus habitationis","Georgii notarii",0,,,,0,0
49,"Trichano superiori",,,,"domus habitationis","ser Tini",0,,,,0,1
50,"Sancto Daniele",,,,"canipae","Artici quondam Ançuti",0,,,,0,1
51,"Sancto Daniele",,,,"penes domum habitationis","Antonii q. Nicolai Pisani",0,,,,0,1
52,"Sancto Daniele",,,,"penes domum p[...]","Danielis ulli",0,,,,0,0
53,"Sancto Daniele",,,,"penes domum p[...]","Danielis Çulli",4,,,,0,1
54,"Sancto Daniele",,,,"penes domum habitationis"," Musesse",0,,,,0,1
55,"Sancto Daniele",,,,"domus habitationis"," presbiteri Iohannis plebani",,,,,0,1
56,"Sancto Daniele",,,,"penes canipas","fratrum Leonardi et Petri q. Cometi",0,,,,0,1
57,"Sancto Daniele",,,,"curiae domus habitationis","presbiteri Iohannis pleb",0,,,,0,1
58,"Trichano superiori",,,,"penes canipam","Henrici q. Nicolai ser Ruperti",0,,,,0,1
59,"Trichano superiori",,,,,,0,,,,0,1
60,"Sancto Daniele",,,,"campi","q. Petri Signorelli",0,,,,0,1
61,"Sancto Daniele",,,,"super macelum",,0,,,,0,1
62,"Sancto Daniele",,,,"super [...] ianuae communis",,0,,,,0,1
63,"Sancto Daniele",,,,"sub portucubus domus stacionis","q. Danielis Lupi",0,,,,0,1
64,"Sancto Daniele",,,,"penes domum habitationis","Vidoni sartoris q. Iacobi",0,,,,0,1
65,"Sancto Daniele",,,,"penes stacionem","Iohannis sartoris q. Marquardi",0,,,,0,1
66,"Sancto Daniele",,,"via publica","penes domum habitationis"," mag. Laurencii speciarii",0,,,,0,1
67,"Sancto Daniele",,,,"penes domum habitationis","Iohannis pelliparii",0,,,,0,1
68,"Sancto Daniele",,,,"penes domum habitationis","Augustini preconis",0,,,,0,1
69,"Sancto Daniele",,,"super foro",,,0,,,,0,1
70,"Sancto Daniele",,,,"penes canipam","q, Iohannis Nicolai de Sancto Daniel",0,,,,0,1
71,"Sancto Daniele",,,,"canipae","Cumucii Iohannis Marculini",0,,,,0,1
72,"Sancto Daniele",,,,"penes domum habitationis"," Artici q. Anzuti",0,,,,0,1
73,"Trichano inferiori",,,,"canipae","Henrici q. Nicolai de Trichano inferiori",0,,,,0,1
74,"Sancto Daniele",,,,"penes [...]","Danielis Lirussii de Sancto Daniele",0,,,,0,1
75,"Sancto Daniele",,,,"penes stacionem [...]di",,0,,,,0,1
76,"Sancto Daniele",,,,"sub portucubus domus","Miniuti q. Dotti",0,,,,0,1
77,"Sancto Daniele",,,,"domus habitationis","Iohannis cerdonis q. Iacobi",7,,,,0,1
78,"Sancto Daniele",,,,"canipae","Blasuti de Mure",0,,,,0,1
79,"Sancto Daniele",,,,"penes canipam","Conradi piscatoris",0,,,,0,1
80,"Sancto Daniele",,,,"ante canipam","Francisci et Iohannis de Farla",0,,,,0,1
81,"Sancto Daniele",,,,"canipae","Georgii notarii ab affictu a Galvano",0,,,,0,1
82,"Sancto Daniele",,,,"domus habitationis","Francisci aurificis",0,,,,0,1
83,"Sancto Daniele",,,,"penes canipam","Danielis Lirussii",0,,,,0,1
84,"Trichano superiori",,,,"penes ecclesiam Sanctae Mariae",,0,,,,0,1
85,"Sancto Daniele",,,,"super peciam terrae venditam",,0,,,,0,1
86,"Sancto Daniele",,,,"penes canipam","Tibaldi q. ser Nicolai de Susano",0,,,,0,1
87,"Sancto Daniele",,,,"canipae","Subete q. Fidelis",0,,,,0,1
88,"Sancto Daniele",,,,"penes domum","habitationis Cicuti hospitis",0,,,,0,1
89,"Sancto Daniele",,,,"penes domum habitationis","q. Miculissi Cometti",0,,,,0,1
90,"Sancto Daniele",,,,"canipae","Petri Turbe q. Nicolai Marchoni",0,,,,0,1
91,"Sancto Daniele",,,"super platea",,,0,,,,0,1
92,"Sancto Daniele",,,,"canipae venditae",,0,,,,0,1
93,"Sancto Daniele",,,,"canipae","Morasse q. Miculi fistulatoris",0,,,,0,1
94,"Sancto Daniele",,,,"sub portucubus domus","Cicuti de Sancto Toma",0,,,,0,1
95,"Sancto Daniele",,,,"penes domum"," Cicuti hospitis de Sancto Daniele",0,,,,0,1
96,"Sancto Daniele",,,,"penes domum","Odorici q. Cumucini de Sancto Vito",0,,,,0,1
97,"Trichano superiori",,,,,,0,,,,0,1
98,"Sancto Daniele",,,,"sub portucubus domus","Francisci aurificis",0,,,,0,1
99,"Sancto Daniele",,,,"penes domum I","ohannis Petri Canis",0,,,,0,1
100,"Sancto Daniele",,,"via publica","ante domum habitationis","Vidoni sartoris q. Iacobi",0,,,,0,1
101,"Sancto Daniele",,,,"campi","q. Petri Signoreli in staòlis",0,,,,0,1
102,"Sancto Daniele",,,"sub rovulo","penes domum","Tibaldi q. Nicolai de Susano",0,,,,0,1
103,"Sancto Daniele",,,,"domus habitationis"," Danielae q. Vidalis",0,,,,0,1
104,"Sancto Daniele",,,,"penes domum habitationis","Odorici Danielle",0,,,,0,1
105,"Sancto Daniele",,,,"ecclesiae Sancti Michaelis",,0,,,,0,1
106,"Sancto Daniele",,,"castro","domus habitationis"," Nicolai q. ser Artici",0,,,,0,1
107,"Sancto Daniele",,,,"domus habitationis","d. Clare q. Franciscuti",0,,,,0,1
108,"Sancto Daniele",,,,"super lindam domus","Iohannis plebani Sancti Danieli",0,,,,0,1
109,"Sancto Daniele",,,,"penes domum habitationis","Clare q. Franciscuti",0,,,,0,1
110,"Sancto Daniele",,,,"stacionis","Vidoni sartoris q. Iacobi",0,,,,0,1
111,"Sancto Daniele",,,,"penes domum habitationis","Odorici q. Cumucii",0,,,,0,1
112,"Sancto Daniele",,,,"sub portucubus domus","Iohannis Petri Canis",0,,,,0,1
113,"Sancto Daniele",,,,"domus habitationis","ser Guarnerii q. ser Tomasuti",0,,,,0,1
114,"Sancto Daniele",,,,"penes domum","Armani theotonici sartoris",0,,,,0,1
115,"Sancto Daniele",,,,"canipae","Georgii notarii ab affictu a Galvano",0,,,,0,1
116,"Sancto Daniele",,,,"curiae domus habitationis","Clare q. Franciscuti",0,,,,0,1
117,"Sancto Daniele",,,,"canipae domus"," presbiteri Iohannis plebani",0,,,,0,1
118,"Sancto Daniele",,,,"penes cemeterium ecclesiae S. Michaelis",,0,,,,0,1
119,"Sancto Daniele",,,,"penes domum habitationis","Tibaldi hospitis",0,,,,0,1
120,"Sancto Daniele",,,,"penes canipam"," Danielis q. Lirussii",0,,,,0,1
121,"Sancto Daniele",,,,"penes domum habitationis","Petri Nicolai",0,,,,0,1
122,"Sancto Daniele",,,,"penes domum habitationis"," Francisci aurificis",0,,,,0,1
123,"Sancto Daniele",,,,"domus habitationis","presbiteri Iohannis plebani",0,,,,0,0
124,"Sancto Daniele",,,,"canipae domus","Odorici de Sancto Vito",0,,,,0,1
125,"Sancto Daniele",,,,"penes farbicam","Dominici fabri q. Vendoy de Murucio",0,,,,0,1
